{
  "token_acc":1.0,
  "cats_score":0.8737464829,
  "speed":37967.8877757995,
  "cats_f_per_type":{
    "DOCUMENTATION":{
      "p":0.8263473054,
      "r":0.8363636364,
      "f":0.8313253012
    },
    "OTHER":{
      "p":0.9189189189,
      "r":0.9134328358,
      "f":0.9161676647
    }
  },
  "cats_auc_per_type":{
    "DOCUMENTATION":0.9201809136,
    "OTHER":0.9201809136
  }
}